Suite/Test/Step Name,Browser,Description,Start time,End time,Duration,Status
Smoke,Chrome 65.0.3325.181,,2018-04-28 12:30:08,2018-04-28 12:35:27,5m - 19.475s,FAILED
,,,,,,
Test Cases/Smoke/TC-09,Chrome 65.0.3325.181,,2018-04-28 12:30:08,2018-04-28 12:30:28,19.563s,PASSED
Start listener action : BeforeTestCaseOpenBrowser,Chrome 65.0.3325.181,,2018-04-28 12:30:08,2018-04-28 12:30:17,8.158s,PASSED
setText,Chrome 65.0.3325.181,,2018-04-28 12:30:17,2018-04-28 12:30:18,0.880s,PASSED
setText,Chrome 65.0.3325.181,,2018-04-28 12:30:18,2018-04-28 12:30:18,0.330s,PASSED
click,Chrome 65.0.3325.181,,2018-04-28 12:30:18,2018-04-28 12:30:18,0.161s,PASSED
verifyElementPresent,Chrome 65.0.3325.181,,2018-04-28 12:30:18,2018-04-28 12:30:20,1.419s,PASSED
delay,Chrome 65.0.3325.181,,2018-04-28 12:30:20,2018-04-28 12:30:23,3.027s,PASSED
scrollToElement,Chrome 65.0.3325.181,,2018-04-28 12:30:23,2018-04-28 12:30:23,0.074s,PASSED
click,Chrome 65.0.3325.181,,2018-04-28 12:30:23,2018-04-28 12:30:23,0.093s,PASSED
delay,Chrome 65.0.3325.181,,2018-04-28 12:30:23,2018-04-28 12:30:25,2.004s,PASSED
click,Chrome 65.0.3325.181,,2018-04-28 12:30:25,2018-04-28 12:30:25,0.163s,PASSED
waitForAlert,Chrome 65.0.3325.181,,2018-04-28 12:30:25,2018-04-28 12:30:27,2.097s,PASSED
verifyElementVisible,Chrome 65.0.3325.181,,2018-04-28 12:30:27,2018-04-28 12:30:27,0.094s,PASSED
setText,Chrome 65.0.3325.181,,2018-04-28 12:30:27,2018-04-28 12:30:27,0.268s,PASSED
setText,Chrome 65.0.3325.181,,2018-04-28 12:30:27,2018-04-28 12:30:28,0.222s,PASSED
click,Chrome 65.0.3325.181,,2018-04-28 12:30:28,2018-04-28 12:30:28,0.087s,PASSED
focus,Chrome 65.0.3325.181,,2018-04-28 12:30:28,2018-04-28 12:30:28,0.091s,PASSED
Statement - Try,Chrome 65.0.3325.181,,2018-04-28 12:30:28,2018-04-28 12:30:28,0.077s,PASSED
Start listener action : AfterTestCaseCloseBrowser,Chrome 65.0.3325.181,,2018-04-28 12:30:28,2018-04-28 12:30:28,0.001s,PASSED
,,,,,,
Test Cases/Smoke/TC-1 Creating a new Department,Chrome 65.0.3325.181,,2018-04-28 12:30:28,2018-04-28 12:31:00,32.190s,FAILED
Start listener action : BeforeTestCaseOpenBrowser,Chrome 65.0.3325.181,,2018-04-28 12:30:28,2018-04-28 12:30:44,15.895s,PASSED
setText,Chrome 65.0.3325.181,,2018-04-28 12:30:44,2018-04-28 12:30:44,0.244s,PASSED
setText,Chrome 65.0.3325.181,,2018-04-28 12:30:44,2018-04-28 12:30:44,0.264s,PASSED
click,Chrome 65.0.3325.181,,2018-04-28 12:30:44,2018-04-28 12:30:45,0.137s,PASSED
verifyElementPresent,Chrome 65.0.3325.181,,2018-04-28 12:30:45,2018-04-28 12:30:46,1.545s,PASSED
delay,Chrome 65.0.3325.181,,2018-04-28 12:30:46,2018-04-28 12:30:49,3.004s,PASSED
scrollToElement,Chrome 65.0.3325.181,,2018-04-28 12:30:49,2018-04-28 12:30:49,0.065s,PASSED
click,Chrome 65.0.3325.181,,2018-04-28 12:30:49,2018-04-28 12:30:49,0.107s,PASSED
delay,Chrome 65.0.3325.181,,2018-04-28 12:30:49,2018-04-28 12:30:51,2.003s,PASSED
click,Chrome 65.0.3325.181,,2018-04-28 12:30:51,2018-04-28 12:30:51,0.113s,PASSED
waitForAlert,Chrome 65.0.3325.181,,2018-04-28 12:30:51,2018-04-28 12:30:53,2.035s,PASSED
verifyElementVisible,Chrome 65.0.3325.181,,2018-04-28 12:30:53,2018-04-28 12:30:53,0.069s,PASSED
setText,Chrome 65.0.3325.181,,2018-04-28 12:30:53,2018-04-28 12:30:54,0.129s,PASSED
setText,Chrome 65.0.3325.181,,2018-04-28 12:30:54,2018-04-28 12:30:54,0.148s,PASSED
click,Chrome 65.0.3325.181,,2018-04-28 12:30:54,2018-04-28 12:30:54,0.085s,PASSED
"Statement - var1 = com.kms.katalon.core.webui.keyword.WebUiBuiltInKeywords.setText(com.kms.katalon.core.testobject.ObjectRepository.findTestObject(Object Repository/Search/Search_Inspect), ""Nial1265"")",Chrome 65.0.3325.181,,2018-04-28 12:30:54,2018-04-28 12:30:54,0.203s,PASSED
verifyElementPresent,Chrome 65.0.3325.181,,2018-04-28 12:30:54,2018-04-28 12:31:00,5.946s,FAILED
Start listener action : AfterTestCaseCloseBrowser,Chrome 65.0.3325.181,,2018-04-28 12:31:00,2018-04-28 12:31:00,0.003s,PASSED
,,,,,,
Test Cases/Smoke/TC-123,Chrome 65.0.3325.181,,2018-04-28 12:31:00,2018-04-28 12:31:29,28.700s,PASSED
Start listener action : BeforeTestCaseOpenBrowser,Chrome 65.0.3325.181,,2018-04-28 12:31:00,2018-04-28 12:31:06,6.367s,PASSED
setText,Chrome 65.0.3325.181,,2018-04-28 12:31:07,2018-04-28 12:31:07,0.223s,PASSED
setText,Chrome 65.0.3325.181,,2018-04-28 12:31:07,2018-04-28 12:31:07,0.296s,PASSED
click,Chrome 65.0.3325.181,,2018-04-28 12:31:07,2018-04-28 12:31:07,0.123s,PASSED
delay,Chrome 65.0.3325.181,,2018-04-28 12:31:07,2018-04-28 12:31:10,3.003s,PASSED
verifyElementPresent,Chrome 65.0.3325.181,,2018-04-28 12:31:10,2018-04-28 12:31:10,0.059s,PASSED
delay,Chrome 65.0.3325.181,,2018-04-28 12:31:10,2018-04-28 12:31:13,3.003s,PASSED
click,Chrome 65.0.3325.181,,2018-04-28 12:31:13,2018-04-28 12:31:13,0.137s,PASSED
delay,Chrome 65.0.3325.181,,2018-04-28 12:31:13,2018-04-28 12:31:28,15.003s,PASSED
focus,Chrome 65.0.3325.181,,2018-04-28 12:31:28,2018-04-28 12:31:28,0.096s,PASSED
uploadFile,Chrome 65.0.3325.181,,2018-04-28 12:31:28,2018-04-28 12:31:29,0.113s,PASSED
click,Chrome 65.0.3325.181,,2018-04-28 12:31:29,2018-04-28 12:31:29,0.121s,PASSED
Start listener action : AfterTestCaseCloseBrowser,Chrome 65.0.3325.181,,2018-04-28 12:31:29,2018-04-28 12:31:29,0.001s,PASSED
,,,,,,
Test Cases/Smoke/TC-143_Login_ValidLogin,Chrome 65.0.3325.181,User is able to log into the application when valid credentials are passed and be directed to Home Page,2018-04-28 12:31:29,2018-04-28 12:31:38,9.404s,PASSED
Start listener action : BeforeTestCaseOpenBrowser,Chrome 65.0.3325.181,,2018-04-28 12:31:29,2018-04-28 12:31:36,7.175s,PASSED
setText,Chrome 65.0.3325.181,,2018-04-28 12:31:36,2018-04-28 12:31:36,0.191s,PASSED
setText,Chrome 65.0.3325.181,,2018-04-28 12:31:36,2018-04-28 12:31:36,0.216s,PASSED
click,Chrome 65.0.3325.181,,2018-04-28 12:31:36,2018-04-28 12:31:37,0.146s,PASSED
click,Chrome 65.0.3325.181,,2018-04-28 12:31:37,2018-04-28 12:31:38,1.546s,PASSED
Start listener action : AfterTestCaseCloseBrowser,Chrome 65.0.3325.181,,2018-04-28 12:31:38,2018-04-28 12:31:38,0.000s,PASSED
,,,,,,
Test Cases/Smoke/TC-145_Login_InvalidLogin,Chrome 65.0.3325.181,Verify that user is able to log into the application when invalid username is passed (Username not existing in the system),2018-04-28 12:31:38,2018-04-28 12:31:45,6.832s,PASSED
Start listener action : BeforeTestCaseOpenBrowser,Chrome 65.0.3325.181,,2018-04-28 12:31:38,2018-04-28 12:31:44,6.240s,PASSED
setText,Chrome 65.0.3325.181,,2018-04-28 12:31:44,2018-04-28 12:31:45,0.167s,PASSED
setText,Chrome 65.0.3325.181,,2018-04-28 12:31:45,2018-04-28 12:31:45,0.189s,PASSED
click,Chrome 65.0.3325.181,,2018-04-28 12:31:45,2018-04-28 12:31:45,0.118s,PASSED
Start listener action : AfterTestCaseCloseBrowser,Chrome 65.0.3325.181,,2018-04-28 12:31:45,2018-04-28 12:31:45,0.001s,PASSED
,,,,,,
Test Cases/Smoke/TC-164,Chrome 65.0.3325.181,,2018-04-28 12:31:45,2018-04-28 12:32:04,18.942s,PASSED
Start listener action : BeforeTestCaseOpenBrowser,Chrome 65.0.3325.181,,2018-04-28 12:31:45,2018-04-28 12:31:51,6.383s,PASSED
setText,Chrome 65.0.3325.181,,2018-04-28 12:31:51,2018-04-28 12:31:52,0.286s,PASSED
setText,Chrome 65.0.3325.181,,2018-04-28 12:31:52,2018-04-28 12:31:52,0.315s,PASSED
click,Chrome 65.0.3325.181,,2018-04-28 12:31:52,2018-04-28 12:31:52,0.099s,PASSED
delay,Chrome 65.0.3325.181,,2018-04-28 12:31:52,2018-04-28 12:31:55,3.003s,PASSED
scrollToElement,Chrome 65.0.3325.181,,2018-04-28 12:31:55,2018-04-28 12:31:55,0.077s,PASSED
click,Chrome 65.0.3325.181,,2018-04-28 12:31:55,2018-04-28 12:31:55,0.086s,PASSED
delay,Chrome 65.0.3325.181,,2018-04-28 12:31:55,2018-04-28 12:31:58,3.002s,PASSED
click,Chrome 65.0.3325.181,,2018-04-28 12:31:58,2018-04-28 12:31:58,0.075s,PASSED
click,Chrome 65.0.3325.181,,2018-04-28 12:31:58,2018-04-28 12:32:00,1.511s,PASSED
focus,Chrome 65.0.3325.181,,2018-04-28 12:32:00,2018-04-28 12:32:00,0.065s,PASSED
delay,Chrome 65.0.3325.181,,2018-04-28 12:32:00,2018-04-28 12:32:03,3.002s,PASSED
setText,Chrome 65.0.3325.181,,2018-04-28 12:32:03,2018-04-28 12:32:03,0.295s,PASSED
setText,Chrome 65.0.3325.181,,2018-04-28 12:32:03,2018-04-28 12:32:03,0.161s,PASSED
switchToFrame,Chrome 65.0.3325.181,,2018-04-28 12:32:03,2018-04-28 12:32:04,0.071s,PASSED
focus,Chrome 65.0.3325.181,,2018-04-28 12:32:04,2018-04-28 12:32:04,0.075s,PASSED
setText,Chrome 65.0.3325.181,,2018-04-28 12:32:04,2018-04-28 12:32:04,0.161s,PASSED
switchToDefaultContent,Chrome 65.0.3325.181,,2018-04-28 12:32:04,2018-04-28 12:32:04,0.025s,PASSED
click,Chrome 65.0.3325.181,,2018-04-28 12:32:04,2018-04-28 12:32:04,0.088s,PASSED
Start listener action : AfterTestCaseCloseBrowser,Chrome 65.0.3325.181,,2018-04-28 12:32:04,2018-04-28 12:32:04,0.001s,PASSED
,,,,,,
Test Cases/Smoke/TC-18_Create_New_Role,Chrome 65.0.3325.181,,2018-04-28 12:32:04,2018-04-28 12:32:15,10.771s,PASSED
Start listener action : BeforeTestCaseOpenBrowser,Chrome 65.0.3325.181,,2018-04-28 12:32:04,2018-04-28 12:32:10,6.172s,PASSED
setText,Chrome 65.0.3325.181,,2018-04-28 12:32:10,2018-04-28 12:32:11,0.326s,PASSED
setText,Chrome 65.0.3325.181,,2018-04-28 12:32:11,2018-04-28 12:32:11,0.334s,PASSED
click,Chrome 65.0.3325.181,,2018-04-28 12:32:11,2018-04-28 12:32:11,0.127s,PASSED
click,Chrome 65.0.3325.181,,2018-04-28 12:32:11,2018-04-28 12:32:13,1.501s,PASSED
scrollToElement,Chrome 65.0.3325.181,,2018-04-28 12:32:13,2018-04-28 12:32:13,0.600s,PASSED
click,Chrome 65.0.3325.181,,2018-04-28 12:32:13,2018-04-28 12:32:13,0.098s,PASSED
verifyElementPresent,Chrome 65.0.3325.181,,2018-04-28 12:32:13,2018-04-28 12:32:13,0.025s,PASSED
focus,Chrome 65.0.3325.181,,2018-04-28 12:32:13,2018-04-28 12:32:14,0.576s,PASSED
focus,Chrome 65.0.3325.181,,2018-04-28 12:32:14,2018-04-28 12:32:14,0.064s,PASSED
setText,Chrome 65.0.3325.181,,2018-04-28 12:32:14,2018-04-28 12:32:14,0.174s,PASSED
click,Chrome 65.0.3325.181,,2018-04-28 12:32:14,2018-04-28 12:32:14,0.085s,PASSED
click,Chrome 65.0.3325.181,,2018-04-28 12:32:14,2018-04-28 12:32:14,0.102s,PASSED
click,Chrome 65.0.3325.181,,2018-04-28 12:32:14,2018-04-28 12:32:14,0.091s,PASSED
waitForPageLoad,Chrome 65.0.3325.181,,2018-04-28 12:32:14,2018-04-28 12:32:14,0.058s,PASSED
setText,Chrome 65.0.3325.181,,2018-04-28 12:32:14,2018-04-28 12:32:15,0.268s,PASSED
Start listener action : AfterTestCaseCloseBrowser,Chrome 65.0.3325.181,,2018-04-28 12:32:15,2018-04-28 12:32:15,0.001s,PASSED
,,,,,,
Test Cases/Smoke/TC-26,Chrome 65.0.3325.181,,2018-04-28 12:32:15,2018-04-28 12:32:59,44.322s,FAILED
Start listener action : BeforeTestCaseOpenBrowser,Chrome 65.0.3325.181,,2018-04-28 12:32:15,2018-04-28 12:32:22,7.080s,PASSED
setText,Chrome 65.0.3325.181,,2018-04-28 12:32:22,2018-04-28 12:32:22,0.169s,PASSED
setText,Chrome 65.0.3325.181,,2018-04-28 12:32:22,2018-04-28 12:32:22,0.280s,PASSED
click,Chrome 65.0.3325.181,,2018-04-28 12:32:22,2018-04-28 12:32:22,0.129s,PASSED
verifyElementPresent,Chrome 65.0.3325.181,,2018-04-28 12:32:22,2018-04-28 12:32:24,1.461s,PASSED
delay,Chrome 65.0.3325.181,,2018-04-28 12:32:24,2018-04-28 12:32:27,3.002s,PASSED
click,Chrome 65.0.3325.181,,2018-04-28 12:32:27,2018-04-28 12:32:27,0.120s,PASSED
click,Chrome 65.0.3325.181,,2018-04-28 12:32:27,2018-04-28 12:32:59,31.956s,FAILED
Start listener action : AfterTestCaseCloseBrowser,Chrome 65.0.3325.181,,2018-04-28 12:32:59,2018-04-28 12:32:59,0.001s,PASSED
,,,,,,
Test Cases/Smoke/TC-356,Chrome 65.0.3325.181,,2018-04-28 12:32:59,2018-04-28 12:33:38,38.756s,PASSED
Start listener action : BeforeTestCaseOpenBrowser,Chrome 65.0.3325.181,,2018-04-28 12:32:59,2018-04-28 12:33:05,6.226s,PASSED
setText,Chrome 65.0.3325.181,,2018-04-28 12:33:05,2018-04-28 12:33:06,0.192s,PASSED
setText,Chrome 65.0.3325.181,,2018-04-28 12:33:06,2018-04-28 12:33:06,0.221s,PASSED
click,Chrome 65.0.3325.181,,2018-04-28 12:33:06,2018-04-28 12:33:06,0.099s,PASSED
delay,Chrome 65.0.3325.181,,2018-04-28 12:33:06,2018-04-28 12:33:09,3.000s,PASSED
verifyElementPresent,Chrome 65.0.3325.181,,2018-04-28 12:33:09,2018-04-28 12:33:09,0.026s,PASSED
delay,Chrome 65.0.3325.181,,2018-04-28 12:33:09,2018-04-28 12:33:12,3.003s,PASSED
click,Chrome 65.0.3325.181,,2018-04-28 12:33:12,2018-04-28 12:33:12,0.147s,PASSED
delay,Chrome 65.0.3325.181,,2018-04-28 12:33:12,2018-04-28 12:33:27,15.003s,PASSED
focus,Chrome 65.0.3325.181,,2018-04-28 12:33:27,2018-04-28 12:33:27,0.075s,PASSED
uploadFile,Chrome 65.0.3325.181,,2018-04-28 12:33:27,2018-04-28 12:33:27,0.070s,PASSED
click,Chrome 65.0.3325.181,,2018-04-28 12:33:27,2018-04-28 12:33:27,0.098s,PASSED
delay,Chrome 65.0.3325.181,,2018-04-28 12:33:27,2018-04-28 12:33:37,10.003s,PASSED
selectOptionByIndex,Chrome 65.0.3325.181,,2018-04-28 12:33:37,2018-04-28 12:33:38,0.180s,PASSED
click,Chrome 65.0.3325.181,,2018-04-28 12:33:38,2018-04-28 12:33:38,0.238s,PASSED
Start listener action : AfterTestCaseCloseBrowser,Chrome 65.0.3325.181,,2018-04-28 12:33:38,2018-04-28 12:33:38,0.000s,PASSED
,,,,,,
Test Cases/Smoke/TC-43,Chrome 65.0.3325.181,,2018-04-28 12:33:38,2018-04-28 12:33:54,16.197s,FAILED
Start listener action : BeforeTestCaseOpenBrowser,Chrome 65.0.3325.181,,2018-04-28 12:33:38,2018-04-28 12:33:44,6.285s,PASSED
setText,Chrome 65.0.3325.181,,2018-04-28 12:33:44,2018-04-28 12:33:44,0.184s,PASSED
setText,Chrome 65.0.3325.181,,2018-04-28 12:33:44,2018-04-28 12:33:45,0.230s,PASSED
click,Chrome 65.0.3325.181,,2018-04-28 12:33:45,2018-04-28 12:33:45,0.112s,PASSED
delay,Chrome 65.0.3325.181,,2018-04-28 12:33:45,2018-04-28 12:33:47,2.004s,PASSED
scrollToElement,Chrome 65.0.3325.181,,2018-04-28 12:33:47,2018-04-28 12:33:47,0.078s,PASSED
click,Chrome 65.0.3325.181,,2018-04-28 12:33:47,2018-04-28 12:33:47,0.091s,PASSED
click,Chrome 65.0.3325.181,,2018-04-28 12:33:47,2018-04-28 12:33:48,0.640s,PASSED
sendKeys,Chrome 65.0.3325.181,,2018-04-28 12:33:48,2018-04-28 12:33:51,3.662s,PASSED
click,Chrome 65.0.3325.181,,2018-04-28 12:33:51,2018-04-28 12:33:51,0.141s,PASSED
click,Chrome 65.0.3325.181,,2018-04-28 12:33:51,2018-04-28 12:33:51,0.095s,PASSED
delay,Chrome 65.0.3325.181,,2018-04-28 12:33:51,2018-04-28 12:33:53,2.002s,PASSED
selectOptionByIndex,Chrome 65.0.3325.181,,2018-04-28 12:33:53,2018-04-28 12:33:54,0.526s,FAILED
Start listener action : AfterTestCaseCloseBrowser,Chrome 65.0.3325.181,,2018-04-28 12:33:54,2018-04-28 12:33:54,0.001s,PASSED
,,,,,,
Test Cases/Smoke/TC-46,Chrome 65.0.3325.181,,2018-04-28 12:33:54,2018-04-28 12:34:09,15.241s,FAILED
Start listener action : BeforeTestCaseOpenBrowser,Chrome 65.0.3325.181,,2018-04-28 12:33:54,2018-04-28 12:34:01,6.653s,PASSED
setText,Chrome 65.0.3325.181,,2018-04-28 12:34:01,2018-04-28 12:34:01,0.153s,PASSED
setText,Chrome 65.0.3325.181,,2018-04-28 12:34:01,2018-04-28 12:34:01,0.354s,PASSED
click,Chrome 65.0.3325.181,,2018-04-28 12:34:01,2018-04-28 12:34:01,0.141s,PASSED
scrollToElement,Chrome 65.0.3325.181,,2018-04-28 12:34:01,2018-04-28 12:34:03,1.492s,PASSED
click,Chrome 65.0.3325.181,,2018-04-28 12:34:03,2018-04-28 12:34:03,0.080s,PASSED
click,Chrome 65.0.3325.181,,2018-04-28 12:34:03,2018-04-28 12:34:04,0.749s,PASSED
delay,Chrome 65.0.3325.181,,2018-04-28 12:34:04,2018-04-28 12:34:06,2.000s,PASSED
click,Chrome 65.0.3325.181,,2018-04-28 12:34:06,2018-04-28 12:34:06,0.056s,PASSED
click,Chrome 65.0.3325.181,,2018-04-28 12:34:06,2018-04-28 12:34:06,0.067s,PASSED
focus,Chrome 65.0.3325.181,,2018-04-28 12:34:06,2018-04-28 12:34:06,0.074s,PASSED
delay,Chrome 65.0.3325.181,,2018-04-28 12:34:06,2018-04-28 12:34:09,3.003s,PASSED
setText,Chrome 65.0.3325.181,,2018-04-28 12:34:09,2018-04-28 12:34:09,0.316s,FAILED
Start listener action : AfterTestCaseCloseBrowser,Chrome 65.0.3325.181,,2018-04-28 12:34:09,2018-04-28 12:34:09,0.000s,PASSED
,,,,,,
Test Cases/Smoke/TC-48,Chrome 65.0.3325.181,,2018-04-28 12:34:09,2018-04-28 12:34:21,12.044s,PASSED
Start listener action : BeforeTestCaseOpenBrowser,Chrome 65.0.3325.181,,2018-04-28 12:34:09,2018-04-28 12:34:16,6.295s,PASSED
setText,Chrome 65.0.3325.181,,2018-04-28 12:34:16,2018-04-28 12:34:16,0.206s,PASSED
setText,Chrome 65.0.3325.181,,2018-04-28 12:34:16,2018-04-28 12:34:16,0.282s,PASSED
click,Chrome 65.0.3325.181,,2018-04-28 12:34:16,2018-04-28 12:34:16,0.142s,PASSED
scrollToElement,Chrome 65.0.3325.181,,2018-04-28 12:34:16,2018-04-28 12:34:18,1.473s,PASSED
click,Chrome 65.0.3325.181,,2018-04-28 12:34:18,2018-04-28 12:34:18,0.088s,PASSED
delay,Chrome 65.0.3325.181,,2018-04-28 12:34:18,2018-04-28 12:34:20,2.003s,PASSED
click,Chrome 65.0.3325.181,,2018-04-28 12:34:20,2018-04-28 12:34:20,0.124s,PASSED
click,Chrome 65.0.3325.181,,2018-04-28 12:34:20,2018-04-28 12:34:21,0.663s,PASSED
focus,Chrome 65.0.3325.181,,2018-04-28 12:34:21,2018-04-28 12:34:21,0.078s,PASSED
setText,Chrome 65.0.3325.181,,2018-04-28 12:34:21,2018-04-28 12:34:21,0.265s,PASSED
setText,Chrome 65.0.3325.181,,2018-04-28 12:34:21,2018-04-28 12:34:21,0.097s,PASSED
click,Chrome 65.0.3325.181,,2018-04-28 12:34:21,2018-04-28 12:34:21,0.095s,PASSED
focus,Chrome 65.0.3325.181,,2018-04-28 12:34:21,2018-04-28 12:34:21,0.057s,PASSED
Statement - Try,Chrome 65.0.3325.181,,2018-04-28 12:34:21,2018-04-28 12:34:21,0.038s,PASSED
Start listener action : AfterTestCaseCloseBrowser,Chrome 65.0.3325.181,,2018-04-28 12:34:21,2018-04-28 12:34:21,0.000s,PASSED
,,,,,,
Test Cases/Smoke/TC-536,Chrome 65.0.3325.181,,2018-04-28 12:34:21,2018-04-28 12:34:51,29.253s,FAILED
Start listener action : BeforeTestCaseOpenBrowser,Chrome 65.0.3325.181,,2018-04-28 12:34:21,2018-04-28 12:34:28,6.844s,PASSED
setText,Chrome 65.0.3325.181,,2018-04-28 12:34:28,2018-04-28 12:34:28,0.179s,PASSED
setText,Chrome 65.0.3325.181,,2018-04-28 12:34:28,2018-04-28 12:34:29,0.205s,PASSED
click,Chrome 65.0.3325.181,,2018-04-28 12:34:29,2018-04-28 12:34:29,0.102s,PASSED
verifyElementPresent,Chrome 65.0.3325.181,,2018-04-28 12:34:29,2018-04-28 12:34:31,1.837s,PASSED
scrollToElement,Chrome 65.0.3325.181,,2018-04-28 12:34:31,2018-04-28 12:34:31,0.047s,PASSED
click,Chrome 65.0.3325.181,,2018-04-28 12:34:31,2018-04-28 12:34:31,0.089s,PASSED
click,Chrome 65.0.3325.181,,2018-04-28 12:34:31,2018-04-28 12:34:31,0.606s,PASSED
click,Chrome 65.0.3325.181,,2018-04-28 12:34:31,2018-04-28 12:34:31,0.047s,PASSED
delay,Chrome 65.0.3325.181,,2018-04-28 12:34:31,2018-04-28 12:34:33,2.002s,PASSED
focus,Chrome 65.0.3325.181,,2018-04-28 12:34:33,2018-04-28 12:34:33,0.075s,PASSED
click,Chrome 65.0.3325.181,,2018-04-28 12:34:33,2018-04-28 12:34:34,0.072s,PASSED
delay,Chrome 65.0.3325.181,,2018-04-28 12:34:34,2018-04-28 12:34:37,3.002s,PASSED
"Statement - For ([i = 0, i <= 1, (i++)])",Chrome 65.0.3325.181,,2018-04-28 12:34:37,2018-04-28 12:34:48,11.632s,PASSED
delay,Chrome 65.0.3325.181,,2018-04-28 12:34:48,2018-04-28 12:34:50,2.004s,PASSED
click,Chrome 65.0.3325.181,,2018-04-28 12:34:50,2018-04-28 12:34:51,0.367s,FAILED
Start listener action : AfterTestCaseCloseBrowser,Chrome 65.0.3325.181,,2018-04-28 12:34:51,2018-04-28 12:34:51,0.001s,PASSED
,,,,,,
Test Cases/Smoke/TC-62,Chrome 65.0.3325.181,,2018-04-28 12:34:51,2018-04-28 12:35:02,11.944s,FAILED
Start listener action : BeforeTestCaseOpenBrowser,Chrome 65.0.3325.181,,2018-04-28 12:34:51,2018-04-28 12:34:57,6.345s,PASSED
setText,Chrome 65.0.3325.181,,2018-04-28 12:34:57,2018-04-28 12:34:57,0.217s,PASSED
setText,Chrome 65.0.3325.181,,2018-04-28 12:34:57,2018-04-28 12:34:57,0.240s,PASSED
click,Chrome 65.0.3325.181,,2018-04-28 12:34:57,2018-04-28 12:34:58,0.112s,PASSED
scrollToElement,Chrome 65.0.3325.181,,2018-04-28 12:34:58,2018-04-28 12:34:59,1.451s,PASSED
click,Chrome 65.0.3325.181,,2018-04-28 12:34:59,2018-04-28 12:34:59,0.097s,PASSED
click,Chrome 65.0.3325.181,,2018-04-28 12:34:59,2018-04-28 12:35:00,0.736s,PASSED
delay,Chrome 65.0.3325.181,,2018-04-28 12:35:00,2018-04-28 12:35:02,2.002s,PASSED
click,Chrome 65.0.3325.181,,2018-04-28 12:35:02,2018-04-28 12:35:02,0.102s,PASSED
focus,Chrome 65.0.3325.181,,2018-04-28 12:35:02,2018-04-28 12:35:02,0.055s,PASSED
setText,Chrome 65.0.3325.181,,2018-04-28 12:35:02,2018-04-28 12:35:02,0.465s,FAILED
Start listener action : AfterTestCaseCloseBrowser,Chrome 65.0.3325.181,,2018-04-28 12:35:02,2018-04-28 12:35:02,0.000s,PASSED
,,,,,,
Test Cases/Smoke/TC-68,Chrome 65.0.3325.181,,2018-04-28 12:35:02,2018-04-28 12:35:11,8.487s,FAILED
Start listener action : BeforeTestCaseOpenBrowser,Chrome 65.0.3325.181,,2018-04-28 12:35:02,2018-04-28 12:35:09,6.093s,PASSED
setText,Chrome 65.0.3325.181,,2018-04-28 12:35:09,2018-04-28 12:35:09,0.177s,PASSED
setText,Chrome 65.0.3325.181,,2018-04-28 12:35:09,2018-04-28 12:35:09,0.265s,PASSED
click,Chrome 65.0.3325.181,,2018-04-28 12:35:09,2018-04-28 12:35:09,0.098s,PASSED
click,Chrome 65.0.3325.181,,2018-04-28 12:35:09,2018-04-28 12:35:11,1.756s,FAILED
Start listener action : AfterTestCaseCloseBrowser,Chrome 65.0.3325.181,,2018-04-28 12:35:11,2018-04-28 12:35:11,0.001s,PASSED
,,,,,,
Test Cases/Smoke/TC-86,Chrome 65.0.3325.181,,2018-04-28 12:35:11,2018-04-28 12:35:27,15.586s,PASSED
Start listener action : BeforeTestCaseOpenBrowser,Chrome 65.0.3325.181,,2018-04-28 12:35:11,2018-04-28 12:35:18,7.162s,PASSED
setText,Chrome 65.0.3325.181,,2018-04-28 12:35:18,2018-04-28 12:35:18,0.153s,PASSED
setText,Chrome 65.0.3325.181,,2018-04-28 12:35:18,2018-04-28 12:35:19,0.225s,PASSED
click,Chrome 65.0.3325.181,,2018-04-28 12:35:19,2018-04-28 12:35:19,0.132s,PASSED
scrollToElement,Chrome 65.0.3325.181,,2018-04-28 12:35:19,2018-04-28 12:35:20,1.428s,PASSED
click,Chrome 65.0.3325.181,,2018-04-28 12:35:20,2018-04-28 12:35:20,0.086s,PASSED
click,Chrome 65.0.3325.181,,2018-04-28 12:35:20,2018-04-28 12:35:21,0.687s,PASSED
click,Chrome 65.0.3325.181,,2018-04-28 12:35:21,2018-04-28 12:35:23,1.655s,PASSED
focus,Chrome 65.0.3325.181,,2018-04-28 12:35:23,2018-04-28 12:35:23,0.055s,PASSED
delay,Chrome 65.0.3325.181,,2018-04-28 12:35:23,2018-04-28 12:35:26,3.002s,PASSED
setText,Chrome 65.0.3325.181,,2018-04-28 12:35:26,2018-04-28 12:35:26,0.183s,PASSED
setText,Chrome 65.0.3325.181,,2018-04-28 12:35:26,2018-04-28 12:35:26,0.110s,PASSED
setText,Chrome 65.0.3325.181,,2018-04-28 12:35:26,2018-04-28 12:35:26,0.129s,PASSED
setText,Chrome 65.0.3325.181,,2018-04-28 12:35:26,2018-04-28 12:35:26,0.118s,PASSED
setText,Chrome 65.0.3325.181,,2018-04-28 12:35:26,2018-04-28 12:35:26,0.138s,PASSED
setText,Chrome 65.0.3325.181,,2018-04-28 12:35:26,2018-04-28 12:35:26,0.134s,PASSED
click,Chrome 65.0.3325.181,,2018-04-28 12:35:26,2018-04-28 12:35:27,0.080s,PASSED
Start listener action : AfterTestCaseCloseBrowser,Chrome 65.0.3325.181,,2018-04-28 12:35:27,2018-04-28 12:35:27,0.002s,PASSED
